id,first_name,last_name
1,John,Doe
2,Jane,Smith
3,Emily,Jones
4,Michael,Brown
5,Jessica,Johnson
6,David,Williams
7,Sarah,Miller
8,James,Davis
9,Ashley,Garcia
10,Robert,Martinez
11,Jennifer,Rodriguez
12,William,Martinez
13,Linda,Hernandez
14,Joseph,Lopez
15,Patricia,Gonzalez
16,Charles,Wilson
17,Barbara,Anderson
18,Thomas,Thomas
19,Elizabeth,Taylor
20,Christopher,Moore
21,Mary,Jackson
22,Daniel,Martin
23,Susan,Lee
24,Matthew,Perez
25,Karen,Thompson
26,Anthony,White
27,Nancy,Harris
28,Mark,Sanchez
29,Dorothy,Clark
30,Steven,Ramirez
31,Betty,Lewis
32,Paul,Robinson
33,Helen,Walker
34,Andrew,Young
35,Sandra,Allen
36,Joshua,King
37,Donna,Wright
38,Kevin,Scott
39,Carol,Green
40,Brian,Adams
41,Ruth,Baker
42,Edward,Gonzalez
43,Sharon,Nelson
44,George,Carter
45,Michelle,Mitchell
46,Jason,Perez
47,Laura,Roberts
48,Jeffrey,Turner
49,Kimberly,Phillips
50,Ryan,Campbell